,Title,URL,Thumbnail,Thumbnail URL,Pred-1,Prob-1,Pred-2,Prob-2,Pred-3,Prob-3,Pred-4,Prob-4,AccGuess-1,AccPerct-1,AccGuess-2,AccPerct-2,AccGuess-3,AccPerct-3,AccGuess-4,AccPerct-4,AccGuess-5,AccPerct-5,toxicity,severe_toxicity,obscene,threat,insult,identity_attack,profanity,words
0,"RANGISARI (Video) | JugJugg Jeeyo | Varun D, Kiara A, Anil K, Neetu K | Kanishk & Kavita |",https://www.youtube.com/watch?v=bSAlE_WgHxY,bSAlE_WgHxY,http://img.youtube.com/vi/bSAlE_WgHxY/hqdefault.jpg,web_site,53.84644865989685,comic_book,24.363140761852264,book_jacket,1.8634621053934097,stage,1.8215235322713852,person,95.25649547576904,person,92.68086552619934,,,,,,,0.00107,0.00011,0.00023,9e-05,0.0002,0.00015,0,None
1,‡§ú‡•â‡§®‡•Ä ‡§≤‡•Ä‡§µ‡§∞ - ‡§∞‡§æ‡§ú‡§™‡§æ‡§≤ ‡§Ø‡§æ‡§¶‡§µ ‡§ï‡•Ä ‡•ß‡•¶ ‡§≤‡§æ‡§ñ ‡§ï‡•Ä ‡§∞‡§ø‡§ï‡•ç‡§∂‡§æ ‡§∞‡•á‡§∏ - ‡§¨‡•â‡§≤‡•Ä‡§µ‡•Å‡§° ‡§°‡§¨‡§≤ ‡§ß‡§Æ‡§æ‡§≤ ‡§ï‡•â‡§Æ‡•á‡§°‡•Ä,https://www.youtube.com/watch?v=fONuRuBHRx0,fONuRuBHRx0,http://img.youtube.com/vi/fONuRuBHRx0/hqdefault.jpg,television,81.51569962501526,monitor,5.601997300982475,screen,2.5342674925923347,theater_curtain,1.656661182641983,person,63.09683322906494,person,98.66925477981567,,,,,,,0.00108,0.00011,0.00019,0.00014,0.0002,0.00015,0,None
2,Taarak Mehta Ka Ooltah Chashmah | ‡§§‡§æ‡§∞‡§ï ‡§Æ‡•á‡§π‡§§‡§æ ‡§ï‡§æ ‡§â‡§≤‡•ç‡§ü‡§æ ‡§ö‡§∂‡•ç‡§Æ‡§æ | Episode 687 | Full Episode,https://www.youtube.com/watch?v=Bzouj0iE7GM,Bzouj0iE7GM,http://img.youtube.com/vi/Bzouj0iE7GM/hqdefault.jpg,gasmask,76.43483877182007,mask,6.221731007099152,neck_brace,6.105157732963562,ski_mask,3.9006438106298447,person,99.46371912956238,person,99.5394229888916,,,,,,,0.00143,0.0001,0.00022,0.00012,0.0002,0.00015,0,None
3,295 (Official Audio) | Sidhu Moose Wala | The Kidd | Moosetape,https://www.youtube.com/watch?v=n_FCrCQ6-bA,n_FCrCQ6-bA,http://img.youtube.com/vi/n_FCrCQ6-bA/hqdefault.jpg,toilet_tissue,65.2771532535553,paper_towel,10.989979654550552,neck_brace,5.736393854022026,gong,3.3287838101387024,person,99.02731776237488,person,96.93586230278015,person,93.49191188812256,,,,,0.00084,0.00011,0.00018,0.0001,0.00018,0.00014,0,None
4,10 Habits that will Ruin Your Life || 10 Morning Bad Habits that Damage Your Life || Rewirs,https://www.youtube.com/watch?v=bk9LCo29Aiw,bk9LCo29Aiw,http://img.youtube.com/vi/bk9LCo29Aiw/hqdefault.jpg,comic_book,40.60036540031433,web_site,18.114937841892242,book_jacket,4.946962371468544,loupe,4.181541875004768,person,98.85470271110535,,,,,,,,,0.20474,0.00033,0.00225,0.00196,0.00415,0.00094,0,None
5,"South Indian Love Story Full Hindi Dubbed Romantic Action Movie | Nitin,Rashmika Mandanna Full Movie",https://www.youtube.com/watch?v=-1vot0S2zLg,-1vot0S2zLg,http://img.youtube.com/vi/-1vot0S2zLg/hqdefault.jpg,bow_tie,22.403080761432648,mask,9.127207100391388,bulletproof_vest,8.959843963384628,gasmask,7.830222696065903,person,99.84121322631836,person,99.89026188850403,person,99.6703028678894,,,,,0.00074,0.00011,0.00018,0.00013,0.00018,0.00014,0,None
6,I WAS HIRED TO BUILD HOUSES,https://www.youtube.com/watch?v=pj9mi_4N_Bk,pj9mi_4N_Bk,http://img.youtube.com/vi/pj9mi_4N_Bk/hqdefault.jpg,crane,25.34453570842743,solar_dish,22.014759480953217,radio_telescope,2.959028258919716,shopping_cart,2.9433993622660637,person,99.75012540817261,,,,,,,,,0.00265,0.00012,0.00019,0.00014,0.00029,0.00025,0,None
7,Kalaavathi - Video Song | Sarkaru Vaari Paata | Mahesh Babu | Keerthy Suresh | Thaman S | Parasuram,https://www.youtube.com/watch?v=SfDA33y38GE,SfDA33y38GE,http://img.youtube.com/vi/SfDA33y38GE/hqdefault.jpg,web_site,58.44023823738098,comic_book,7.497641444206238,neck_brace,2.0304089412093163,gown,1.988157257437706,person,99.8818039894104,person,98.50642681121826,,,,,,,0.0014,0.0001,0.00025,0.00011,0.0002,0.00015,0,None
8,Motu Patlu | ‡§Æ‡•ã‡§ü‡•Ç ‡§™‡§§‡§≤‡•Ç S1 | Motu Patlu Ki Jodi | Episode 98 Part 1 | Download Voot Kids App,https://www.youtube.com/watch?v=hhnR4Gc-iLo,hhnR4Gc-iLo,http://img.youtube.com/vi/hhnR4Gc-iLo/hqdefault.jpg,mask,50.591373443603516,comic_book,5.5557288229465485,television,4.016692191362381,rubber_eraser,2.5668159127235413,,,,,,,,,,,0.0013,0.0001,0.0002,0.0001,0.00019,0.00014,0,None
9,Don - Jalabulajangu Video | Sivakarthikeyan | Anirudh Ravichander,https://www.youtube.com/watch?v=6KzeuDstzOY,6KzeuDstzOY,http://img.youtube.com/vi/6KzeuDstzOY/hqdefault.jpg,web_site,37.337762117385864,comic_book,6.026167050004005,jigsaw_puzzle,5.27726449072361,television,4.95239682495594,person,76.79780125617981,person,56.99782371520996,person,89.17787075042725,person,86.86105012893677,person,63.13392519950867,0.00109,0.0001,0.0002,0.00011,0.00019,0.00014,0,None
10,Calling my Girlfriend by her name üòÇüòÇ #shorts #comedy #relationship,https://www.youtube.com/watch?v=4CLvEUpGin8,4CLvEUpGin8,http://img.youtube.com/vi/4CLvEUpGin8/hqdefault.jpg,oxygen_mask,18.50987672805786,lab_coat,17.595084011554718,gasmask,4.97119203209877,abaya,4.847569018602371,person,99.12869334220886,car,83.06279182434082,car,62.174344062805176,car,94.48089599609375,,,0.01083,0.00011,0.00084,0.00016,0.00041,0.00018,0,None
11,KK Best Songs | Best Of KK | Beetein Lamhe | KK JUKEBOX | Zara Si | Tu Jo Mila | KK Top 20 Songs |KK,https://www.youtube.com/watch?v=pYHB8SpaXWg,pYHB8SpaXWg,http://img.youtube.com/vi/pYHB8SpaXWg/hqdefault.jpg,microphone,92.21680760383606,revolver,2.471149154007435,stage,1.4842478558421135,hair_spray,0.3977475222200155,person,99.8388946056366,,,,,,,,,0.00249,9e-05,0.0003,0.0001,0.00024,0.00015,0,None
12,Damn Nature You Scary Pt. 2 | Funny Scary Animal Encounters,https://www.youtube.com/watch?v=0nUeIjPrsCM,0nUeIjPrsCM,http://img.youtube.com/vi/0nUeIjPrsCM/hqdefault.jpg,plow,18.081074953079224,triceratops,16.466303169727325,stretcher,6.4718373119831085,Indian_elephant,4.917842894792557,bicycle,61.1356258392334,elephant,92.9205596446991,motorcycle,81.74682259559631,motorcycle,75.7719874382019,,,0.65349,0.00318,0.43459,0.00089,0.05112,0.00136,1,damn
13,Bom Diggy Diggy (Full Video) Zack Knight | Jasmin Walia |Kartik Aaryan | Sonu Ke Titu Ki Sweety,https://www.youtube.com/watch?v=-tKvUktUh5s,-tKvUktUh5s,http://img.youtube.com/vi/-tKvUktUh5s/hqdefault.jpg,hair_spray,56.58590793609619,wig,17.256195843219757,television,3.130696341395378,jigsaw_puzzle,2.2591618821024895,person,87.58821487426758,person,99.80946779251099,person,95.3393280506134,person,50.28563141822815,person,51.45863890647888,0.00208,0.0001,0.00027,0.0001,0.00023,0.00016,0,None
14,Ramarao On Duty New 2022 Released Full Hindi Dubbed Action Movie |Superstar Ravi Teja New Movie 2022,https://www.youtube.com/watch?v=k7ftiX5vTEM,k7ftiX5vTEM,http://img.youtube.com/vi/k7ftiX5vTEM/hqdefault.jpg,television,65.87142944335938,neck_brace,19.048599898815155,monitor,3.323156386613846,screen,2.993764542043209,person,99.23388361930847,person,99.82959628105164,,,,,,,0.00091,0.0001,0.00019,0.00012,0.00019,0.00014,0,None
15,Monkey Man Mystery of Delhi l Kala Bandar of 2001 | Dhruv Rathee,https://www.youtube.com/watch?v=ZuKJpVNUHGg,ZuKJpVNUHGg,http://img.youtube.com/vi/ZuKJpVNUHGg/hqdefault.jpg,television,15.488529205322266,comic_book,12.269799411296844,wig,7.501479238271713,neck_brace,7.433302700519562,person,99.51987266540527,,,,,,,,,0.00097,0.0001,0.00018,0.0001,0.00019,0.00015,0,None
16,Boys Attitude Statusüòé new Status for boys bablo status,https://www.youtube.com/watch?v=PFpI00f6v8I,PFpI00f6v8I,http://img.youtube.com/vi/PFpI00f6v8I/hqdefault.jpg,web_site,13.484224677085876,Band_Aid,7.695303857326508,comic_book,4.171948507428169,hair_spray,4.135644808411598,person,99.62078332901001,,,,,,,,,0.02837,0.00011,0.00079,0.00015,0.00128,0.00041,0,None
17,BRAHMƒÄSTRA OFFICIAL TRAILER 4K | Hindi | Amitabh | Ranbir | Alia | Ayan | In Cinemas 9th September,https://www.youtube.com/watch?v=ZJotU5eq0Ys,ZJotU5eq0Ys,http://img.youtube.com/vi/ZJotU5eq0Ys/hqdefault.jpg,book_jacket,51.695430278778076,brass,20.40543109178543,comic_book,5.443064868450165,theater_curtain,4.1250914335250854,person,97.11703658103943,,,,,,,,,0.00075,0.00011,0.00018,0.00012,0.00018,0.00014,0,None
18,"Ik Mulaqaat - Dream Girl | Ayushmann Khurrana, Nushrat Bharucha | Meet Bros Ft. Altamash F & Palak M",https://www.youtube.com/watch?v=zing4uQ3dR4,zing4uQ3dR4,http://img.youtube.com/vi/zing4uQ3dR4/hqdefault.jpg,hair_spray,9.558238089084625,whistle,6.678837537765503,lab_coat,6.475518643856049,web_site,5.453939363360405,person,96.82890772819519,person,98.44568967819214,,,,,,,0.00139,0.0001,0.00024,0.0001,0.0002,0.00015,0,None
19,"‡§°‡•ç‡§Ø‡•Ç‡§ü‡•Ä ‡§Æ‡§ú‡§ø‡§∏‡•ç‡§ü‡•ç‡§∞‡•á‡§ü ‡§ï‡•á ‡§ó‡§≤‡•á ‡§≤‡§ó‡§ï‡§∞ ‡§∞‡•ã‡§Ø‡§æ ‡§™‡•ç‡§∞‡§¶‡§∞‡•ç‡§∂‡§®‡§ï‡§æ‡§∞‡•Ä ‡§Ø‡•Å‡§µ‡§ï, ‡§¨‡•ã‡§≤‡§æ- ‡§∞‡§¶‡•ç‡§¶ ‡§ï‡§∞‡§µ‡§æ ‡§¶‡•Ä‡§ú‡§ø‡§è ‡§Ø‡•ã‡§ú‡§®‡§æ‡•§ Agnipath Scheme",https://www.youtube.com/watch?v=dfZldplBFmw,dfZldplBFmw,http://img.youtube.com/vi/dfZldplBFmw/hqdefault.jpg,television,62.033700942993164,web_site,19.98080015182495,screen,7.676107436418533,monitor,2.515479177236557,person,96.05078101158142,person,99.03785586357117,person,65.72185158729553,person,84.93852615356445,person,98.22778701782227,0.00135,0.00011,0.00019,0.00015,0.00021,0.00016,0,None
20,The Strongest and Largest Eagle in The World,https://www.youtube.com/watch?v=nPx2aL4saXc,nPx2aL4saXc,http://img.youtube.com/vi/nPx2aL4saXc/hqdefault.jpg,African_chameleon,38.571467995643616,banded_gecko,26.04821026325226,horned_viper,17.089203000068665,triceratops,4.175204038619995,person,63.042277097702026,,,,,,,,,0.00094,0.0001,0.00017,0.00011,0.00018,0.00015,0,None
21,Theft Of ATM Machines | ‡§∏‡•Ä‡§Ü‡§à‡§°‡•Ä | CID | Real Heroes,https://www.youtube.com/watch?v=bOkgqP4ZKAM,bOkgqP4ZKAM,http://img.youtube.com/vi/bOkgqP4ZKAM/hqdefault.jpg,scoreboard,30.681923031806946,bathing_cap,17.309698462486267,puck,4.459227621555328,cinema,2.431817725300789,person,99.92607235908508,person,99.22354221343994,person,97.55715131759644,person,98.76192808151245,person,99.79483485221863,0.0009,0.0001,0.00018,0.00011,0.00018,0.00013,0,None
22,Nadiyon Paar (Let the Music Play)‚Äì Roohi | Club Remix | Arabic Beats | Dj Aj-muzyk | Janhvi,https://www.youtube.com/watch?v=b8ycHTiERZA,b8ycHTiERZA,http://img.youtube.com/vi/b8ycHTiERZA/hqdefault.jpg,mask,21.40490710735321,cloak,10.458555072546005,fur_coat,9.906778484582901,wig,7.017913460731506,person,93.63796710968018,person,99.50571060180664,person,61.53280735015869,person,56.14646077156067,,,0.00073,0.00011,0.00018,0.00011,0.00017,0.00014,0,None
23,100 Days Building A Modern Underground Hut With A Grass Roof And A Swimming Pool,https://www.youtube.com/watch?v=tYf0BoFe9D8,tYf0BoFe9D8,http://img.youtube.com/vi/tYf0BoFe9D8/hqdefault.jpg,dam,68.42504143714905,bannister,7.6066769659519196,tub,2.718915417790413,bathtub,1.972712203860283,,,,,,,,,,,0.00192,0.0001,0.00016,0.00013,0.00023,0.00018,0,None
24,"Express Khiladi (Thodari) - Hindi Dubbed Full Movie Love Story | Dhanush, Keerthy Suresh",https://www.youtube.com/watch?v=AtJRJUXVT7Q,AtJRJUXVT7Q,http://img.youtube.com/vi/AtJRJUXVT7Q/hqdefault.jpg,abaya,11.133699119091034,wig,8.858322352170944,web_site,8.019229769706726,lab_coat,7.071086764335632,person,98.11216592788696,person,99.48211312294006,,,,,,,0.00073,0.00012,0.00019,0.00012,0.00019,0.00014,0,None
25,Coke Studio | Season 14 | Pasoori | Ali Sethi x Shae Gill,https://www.youtube.com/watch?v=5Eqb_-j3FDA,5Eqb_-j3FDA,http://img.youtube.com/vi/5Eqb_-j3FDA/hqdefault.jpg,stage,38.45270276069641,electric_guitar,5.119956657290459,oxygen_mask,4.60154265165329,comic_book,4.273337498307228,person,98.80748987197876,,,,,,,,,0.00103,0.0001,0.0002,0.0001,0.0002,0.00013,0,None
26,Taarak Mehta Ka Ooltah Chashmah - Episode 624 - Full Episode,https://www.youtube.com/watch?v=SCeliffla_k,SCeliffla_k,http://img.youtube.com/vi/SCeliffla_k/hqdefault.jpg,jersey,71.2766170501709,comic_book,10.665824264287949,neck_brace,4.691027104854584,Band_Aid,3.348129615187645,person,99.80273246765137,,,,,,,,,0.00121,0.0001,0.0002,0.00011,0.00019,0.00015,0,None
27,Evergreen Hits of KK (Audio Jukebox) | Remembering the Golden Voice | T Series - Bhushan Kumar,https://www.youtube.com/watch?v=r0c1f6XxRQg,r0c1f6XxRQg,http://img.youtube.com/vi/r0c1f6XxRQg/hqdefault.jpg,web_site,71.57179117202759,television,7.4416108429431915,cash_machine,2.5949321687221527,hair_spray,2.5871682912111282,person,91.37874245643616,,,,,,,,,0.00079,0.00011,0.00018,0.00011,0.00019,0.00014,0,None
28,Pakistan Street Food VS India Street Food!! Who does it better?,https://www.youtube.com/watch?v=pn0LSvhafYw,pn0LSvhafYw,http://img.youtube.com/vi/pn0LSvhafYw/hqdefault.jpg,bathing_cap,54.067397117614746,steel_drum,30.796656012535095,mask,1.3484885916113853,bucket,1.33804427459836,person,99.73635673522949,person,99.94004368782043,bowl,98.32711815834045,bowl,98.21837544441223,pizza,82.35423564910889,0.00102,0.0001,0.00016,0.00011,0.00018,0.00016,0,None
29,This Kid is a Legend üò≥üòÇ,https://www.youtube.com/watch?v=yHnB16-0FdU,yHnB16-0FdU,http://img.youtube.com/vi/yHnB16-0FdU/hqdefault.jpg,ski_mask,56.21458888053894,mask,9.708032011985779,neck_brace,6.636934727430344,Band_Aid,3.628775104880333,person,96.10711932182312,,,,,,,,,0.023,0.0001,0.00053,0.00018,0.00118,0.00029,1,kid
30,"Bullet Song Lyrical (Telugu) | The Warriorr | Ram Pothineni, Krithi Shetty | Simbu | DSP | Lingusamy",https://www.youtube.com/watch?v=f0T6jFsWMak,f0T6jFsWMak,http://img.youtube.com/vi/f0T6jFsWMak/hqdefault.jpg,television,21.44342064857483,web_site,20.284417271614075,stage,7.777521014213562,balance_beam,6.182390078902245,person,99.08525943756104,person,99.00209903717041,,,,,,,0.00072,0.00011,0.00019,0.00011,0.00018,0.00014,0,None
31,full house VLOG | chill with Pandya's | shooting day,https://www.youtube.com/watch?v=EBjq5xEeSrc,EBjq5xEeSrc,http://img.youtube.com/vi/EBjq5xEeSrc/hqdefault.jpg,lab_coat,95.22054195404053,Windsor_tie,3.3389918506145477,barbershop,0.17795620951801538,stethoscope,0.15024567255750299,person,99.87159371376038,person,98.01413416862488,,,,,,,0.0007,0.00011,0.00018,0.00012,0.00018,0.00014,1,shooting
32,Tom & Jerry | Tom & Jerry in Full Screen | Classic Cartoon Compilation | WB Kids,https://www.youtube.com/watch?v=t0Q2otsqC4I,t0Q2otsqC4I,http://img.youtube.com/vi/t0Q2otsqC4I/hqdefault.jpg,comic_book,38.54672014713287,envelope,14.948317408561707,pick,6.979745626449585,Band_Aid,5.50248883664608,cup,90.57773947715759,cup,99.40126538276672,,,,,,,0.00112,0.0001,0.00019,0.00011,0.00019,0.00014,0,None
33,Mehabooba Main Teri Mehbooba (Official Video Song) | KGF Chapter 2 | Love Songs | Ananya Bhatt,https://www.youtube.com/watch?v=F-gmmschhmk,F-gmmschhmk,http://img.youtube.com/vi/F-gmmschhmk/hqdefault.jpg,oxygen_mask,27.28431224822998,gasmask,17.536506056785583,bow_tie,4.4732145965099335,Windsor_tie,4.103879630565643,person,99.95877742767334,person,99.77439045906067,,,,,,,0.00091,0.00011,0.00018,0.00011,0.00018,0.00014,0,None
34,Develop Laser-sharp Focus | ‡§¨‡§ï‡§ß‡•ç‡§Ø‡§æ‡§®‡§Ç |Be Ideal Student-Part 2 | Swaminarayan Gurukul Hyderabad,https://www.youtube.com/watch?v=ll_WpMUfTQc,ll_WpMUfTQc,http://img.youtube.com/vi/ll_WpMUfTQc/hqdefault.jpg,mask,21.1252823472023,web_site,18.797549605369568,lab_coat,16.44662916660309,harmonica,5.950471013784409,person,99.29635524749756,,,,,,,,,0.00065,0.00012,0.00017,0.00013,0.00018,0.00014,0,None
35,Sheep Covered In 90-Pounds Of Wool Gets Life-Saving Makeover ‚ù§Ô∏è,https://www.youtube.com/watch?v=jo_CfOOTE4c,jo_CfOOTE4c,http://img.youtube.com/vi/jo_CfOOTE4c/hqdefault.jpg,barracouta,32.48380124568939,electric_ray,12.599751353263855,grey_whale,8.008988946676254,sturgeon,7.244148850440979,sheep,93.05344820022583,,,,,,,,,0.08623,0.00018,0.00106,0.00045,0.00359,0.00184,0,None
36,Ravanasura Full Movie Hindi Dubbed 2022 | Ravi Teja New Movie 2022 Full Hd Hindi Dubbed,https://www.youtube.com/watch?v=eWGDiz_G6_w,eWGDiz_G6_w,http://img.youtube.com/vi/eWGDiz_G6_w/hqdefault.jpg,fountain,46.9506710767746,television,15.21264910697937,triceratops,7.7895961701869965,home_theater,2.494559995830059,person,99.12388920783997,person,53.46074104309082,tie,64.36474919319153,chair,69.74652409553528,person,64.58854675292969,0.00088,0.00011,0.00018,0.00012,0.00018,0.00014,0,None
37,Shayad - Love Aaj Kal | Kartik Aryan | Sara Ali Khan | Randeep Hooda | Pritam | Arijit Singh | 4K,https://www.youtube.com/watch?v=mF2BHtQh4EI,mF2BHtQh4EI,http://img.youtube.com/vi/mF2BHtQh4EI/hqdefault.jpg,television,18.3657243847847,web_site,7.674862444400787,monitor,7.496173679828644,neck_brace,6.2981002032756805,person,82.95852541923523,couch,52.001458406448364,,,,,,,0.00115,0.0001,0.00019,0.0001,0.00019,0.00014,0,None
38,Sigmarule best women motivation #shorts,https://www.youtube.com/watch?v=3y_sbP8MWsU,3y_sbP8MWsU,http://img.youtube.com/vi/3y_sbP8MWsU/hqdefault.jpg,hair_spray,9.331744909286499,abaya,9.097875654697418,microphone,5.3560521453619,brassiere,5.002338066697121,person,96.41267657279968,,,,,,,,,0.00082,0.00011,0.00017,0.00011,0.00018,0.00014,0,None
39,Most Illogical Scenes In Bollywood Movies,https://www.youtube.com/watch?v=XvFmHBBHWuI,XvFmHBBHWuI,http://img.youtube.com/vi/XvFmHBBHWuI/hqdefault.jpg,brassiere,16.2684366106987,breastplate,11.325011402368546,vestment,8.236543834209442,apron,7.008668035268784,person,93.82686018943787,person,99.58527088165283,person,98.2503354549408,,,,,0.00076,0.00011,0.00017,0.00013,0.00019,0.00015,0,None
40,80's70's90's_‡§∏‡§¶‡§æ‡§¨‡§π‡§æ‡§∞_‡§™‡•Å‡§∞‡§æ‡§®‡•á_‡§ó‡§æ‡§®‡•á_üíñüíñüíñ‡§Ö‡§≤‡§ï‡§æ_‡§Ø‡§æ‡§ó‡•ç‡§®‡§ø‡§ï_‡§â‡§¶‡§ø‡§§_‡§®‡§æ‡§∞‡§æ‡§Ø‡§£_‡§≤‡§§‡§æ_‡§Æ‡§Ç‡§ó‡•á‡§∂‡§ï‡§∞_‡§ï‡•Å‡§Æ‡§æ‡§∞_‡§∏‡§æ‡§®‡•Ç(360p).mp4,https://www.youtube.com/watch?v=CMBbtlz6RvM,CMBbtlz6RvM,http://img.youtube.com/vi/CMBbtlz6RvM/hqdefault.jpg,comic_book,25.963550806045532,mask,19.883455336093903,web_site,17.64150559902191,jigsaw_puzzle,13.163536787033081,tv,63.039594888687134,person,93.19924712181091,,,,,,,0.00135,0.0001,0.00021,0.00012,0.00021,0.00015,0,None
41,How Many Fans Can An Arrow Go Through?,https://www.youtube.com/watch?v=zChZqun-oOs,zChZqun-oOs,http://img.youtube.com/vi/zChZqun-oOs/hqdefault.jpg,harp,6.468228995800018,plate_rack,5.369153618812561,plunger,5.138061568140984,bow,3.6318305879831314,person,99.8213529586792,,,,,,,,,0.00088,0.0001,0.00017,0.00012,0.00018,0.00014,0,None
42,Motu Patlu | ‡§Æ‡•ã‡§ü‡•Ç ‡§™‡§§‡§≤‡•Ç S1 | Motu Ka Sapna | Episode 90 Part 1 | Download Voot Kids App,https://www.youtube.com/watch?v=og4LLqKdUnE,og4LLqKdUnE,http://img.youtube.com/vi/og4LLqKdUnE/hqdefault.jpg,mask,99.19670224189758,ski_mask,0.6343395914882421,piggy_bank,0.020319937902968377,jack-o'-lantern,0.010510283755138516,,,,,,,,,,,0.00107,0.0001,0.00019,0.00011,0.00019,0.00014,0,None
43,Old vs New Bollywood Mashup 2020 | Latest Bollywood Romantic songs Mashup_80's 90's Bollywood Mashup,https://www.youtube.com/watch?v=HTtuDh9rEPc,HTtuDh9rEPc,http://img.youtube.com/vi/HTtuDh9rEPc/hqdefault.jpg,web_site,43.04543733596802,comic_book,13.517387211322784,book_jacket,6.62904679775238,stage,4.594430327415466,person,99.40159320831299,person,74.70621466636658,,,,,,,0.00074,0.00011,0.00018,0.00012,0.00018,0.00013,0,None
44,Chup Chup Ke Rajpal Yadav Best Comedy | Bollywood Movie Scene,https://www.youtube.com/watch?v=T7B0J9KfB94,T7B0J9KfB94,http://img.youtube.com/vi/T7B0J9KfB94/hqdefault.jpg,stage,31.134897470474243,wig,18.173125386238098,marimba,8.692411333322525,web_site,6.548367440700531,person,99.96265172958374,person,99.35663342475891,,,,,,,0.00127,0.0001,0.00021,0.0001,0.00021,0.00015,0,None
45,üò°üò†Boys Transformation After His Insulting üíØüí™Revenge Time üî•| Boys Attitude Status 2022,https://www.youtube.com/watch?v=FvXOD-s-PW0,FvXOD-s-PW0,http://img.youtube.com/vi/FvXOD-s-PW0/hqdefault.jpg,hair_spray,7.362227141857147,sunscreen,7.227127254009247,jean,5.037307366728783,Band_Aid,4.216806590557098,person,62.79536485671997,person,99.95114207267761,person,97.0791220664978,,,,,0.04719,0.00014,0.00204,0.00018,0.00166,0.00032,0,None
46,"Taarak Mehta Ka Ooltah Chashmah - Full Episode 1061 - 12th April , 2018",https://www.youtube.com/watch?v=l9ZO_m7v5j8,l9ZO_m7v5j8,http://img.youtube.com/vi/l9ZO_m7v5j8/hqdefault.jpg,comic_book,19.31775063276291,stage,17.884239554405212,microphone,9.480777382850647,pick,6.839217990636826,person,99.96042251586914,,,,,,,,,0.00102,0.0001,0.0002,0.00011,0.00019,0.00014,0,None
47,"Saansein Dene Aana - OM | Aditya Roy K, Sanjana S | Raj Barman, Palak Muchhal, Chirantan B, Manoj Y",https://www.youtube.com/watch?v=REk0bN5Et9c,REk0bN5Et9c,http://img.youtube.com/vi/REk0bN5Et9c/hqdefault.jpg,web_site,32.40527808666229,hoopskirt,8.935518562793732,television,5.195116996765137,book_jacket,4.8637755215168,person,94.85312700271606,,,,,,,,,0.00108,0.0001,0.0002,0.00011,0.0002,0.00015,0,None
48,Arabic Kuthu - Video Song | Beast | Thalapathy Vijay | Pooja Hegde | Sun Pictures | Nelson | Anirudh,https://www.youtube.com/watch?v=KUN5Uf9mObQ,KUN5Uf9mObQ,http://img.youtube.com/vi/KUN5Uf9mObQ/hqdefault.jpg,book_jacket,74.53386187553406,comic_book,11.90490648150444,web_site,8.800096809864044,stage,1.5977272763848305,person,99.13198351860046,person,96.32222652435303,,,,,,,0.00086,0.00011,0.00019,0.00011,0.00018,0.00014,1,beast
49,Gentleman - Stand Up Comedy by Yash Rathi,https://www.youtube.com/watch?v=XBjsXDRxQEs,XBjsXDRxQEs,http://img.youtube.com/vi/XBjsXDRxQEs/hqdefault.jpg,web_site,16.945520043373108,bow_tie,8.85162279009819,Band_Aid,7.730694115161896,Windsor_tie,7.18289390206337,person,99.86987113952637,,,,,,,,,0.0037,0.0001,0.00034,0.0001,0.0003,0.00018,0,None
50,Gaani- AP DHILLON | GURINDER GILL | SHINDA KAHLON | GMINXR | PRISM REMIX,https://www.youtube.com/watch?v=PRwJGhm6WE8,PRwJGhm6WE8,http://img.youtube.com/vi/PRwJGhm6WE8/hqdefault.jpg,microphone,26.233887672424316,stage,23.016375303268433,book_jacket,21.633580327033997,pickelhaube,11.058595776557922,person,99.12609457969666,,,,,,,,,0.00096,0.0001,0.0002,0.0001,0.00018,0.00014,0,None
51,7 Weird Summer Gadgets ! ü•µ,https://www.youtube.com/watch?v=I338ZBKPScg,I338ZBKPScg,http://img.youtube.com/vi/I338ZBKPScg/hqdefault.jpg,buckle,16.47150069475174,mask,8.960773050785065,muzzle,8.876941353082657,knee_pad,8.844222873449326,person,99.75051283836365,,,,,,,,,0.0192,0.00011,0.00061,0.00019,0.00068,0.00029,0,None
52,‡§¶‡•á‡§ñ‡§ø‡§è Dr. Gulati ‡§ï‡•á Thug Life ‡§ï‡•ã | The Kapil Sharma Show | Most Viewed,https://www.youtube.com/watch?v=9YSbflKeOZQ,9YSbflKeOZQ,http://img.youtube.com/vi/9YSbflKeOZQ/hqdefault.jpg,wig,38.731855154037476,microphone,9.15357992053032,web_site,7.399121671915054,bolo_tie,5.5400799959897995,person,99.66199994087219,tie,92.12007522583008,,,,,,,0.0008,0.00011,0.00018,0.00011,0.00018,0.00014,0,None
53,"‡§≤‡•á‡§ü‡•á‡§∏‡•ç‡§ü ‡§®‡§à ‡§∞‡§ø‡§≤‡•Ä‡§ú‡§º ‡§Æ‡•Ç‡§µ‡•Ä ‡§π‡§ø‡§Ç‡§¶‡•Ä ‡§°‡§¨ ‡§Æ‡•á‡§Ç | ‡§®‡§à ‡§∏‡§æ‡§â‡§• ‡§è‡§ï‡•ç‡§∂‡§® ‡§Æ‡•Ç‡§µ‡•Ä ‡§π‡§ø‡§Ç‡§¶‡•Ä ‡§Æ‡•á‡§Ç | ‡§≤‡§µ ‡§∏‡•ç‡§ü‡•ã‡§∞‡•Ä ‡§∞‡§æ‡§Æ ‡§ö‡§∞‡§£, ‡§∞‡§ï‡•Å‡§≤ ‡§™‡•ç‡§∞‡•Ä‡§§",https://www.youtube.com/watch?v=m7K5rjnR7EA,m7K5rjnR7EA,http://img.youtube.com/vi/m7K5rjnR7EA/hqdefault.jpg,neck_brace,44.59755718708038,ski_mask,10.563280433416367,abaya,5.798216536641121,wig,4.712015390396118,person,99.98034834861755,person,99.15741682052612,person,68.33027601242065,person,77.30814218521118,person,98.6773133277893,0.00131,0.0001,0.0002,0.00014,0.0002,0.00015,0,None
54,Best song of Arjit sing ‚ù£Ô∏è‚ù£Ô∏è‚ù£Ô∏è‚ù£Ô∏è,https://www.youtube.com/watch?v=h3sxUR6i8tc,h3sxUR6i8tc,http://img.youtube.com/vi/h3sxUR6i8tc/hqdefault.jpg,loupe,15.354302525520325,microphone,12.486828863620758,web_site,6.521870195865631,comic_book,4.7002870589494705,person,98.37989211082458,,,,,,,,,0.0007,0.00012,0.00018,0.00012,0.00018,0.00014,0,None
55,‡§π‡§ø‡§Ç‡§¶‡•Ä Oggy and the Cockroaches üîß KEYS & IDEAS üîß Hindi Cartoons for Kids,https://www.youtube.com/watch?v=MUMCZZl9QCY,MUMCZZl9QCY,http://img.youtube.com/vi/MUMCZZl9QCY/hqdefault.jpg,envelope,25.138500332832336,jersey,5.276091769337654,web_site,5.041275545954704,rapeseed,3.4719161689281464,,,,,,,,,,,0.01039,0.0001,0.00053,0.00016,0.00062,0.00027,0,None
56,Mehabooba Main Teri Mehbooba FULL HD | Ananya Bhat | KGF Chapter 2 | Yash | Sonu Singh KDM,https://www.youtube.com/watch?v=ovci2MZp-_U,ovci2MZp-_U,http://img.youtube.com/vi/ovci2MZp-_U/hqdefault.jpg,wig,16.627691686153412,mask,12.132210284471512,abaya,5.5664487183094025,Windsor_tie,5.1265861839056015,person,99.9739944934845,person,99.87351298332214,,,,,,,0.00136,0.0001,0.00022,0.0001,0.0002,0.00015,0,None
57,Damn Nature You Scary | Funny Scary Animal Encounters,https://www.youtube.com/watch?v=XnitQYkYYcw,XnitQYkYYcw,http://img.youtube.com/vi/XnitQYkYYcw/hqdefault.jpg,ox,23.082681000232697,boxer,7.803886383771896,oxcart,7.047833502292633,limousine,6.215881556272507,car,96.73260450363159,cow,92.20346212387085,person,92.79338717460632,person,59.6096932888031,person,50.89654326438904,0.66505,0.00292,0.37675,0.00087,0.04347,0.00113,1,damn
58,Jetha ‡§®‡•á Daya ‡§ï‡•á ‡§ä‡§™‡§∞ ‡§ï‡§ø‡§Ø‡§æ ‡§è‡§ï Prank | ‡§§‡§æ‡§∞‡§ï ‡§Æ‡•á‡§π‡§§‡§æ ‡§ï‡§æ ‡§â‡§≤‡•ç‡§ü‡§æ ‡§ö‡§∂‡•ç‡§Æ‡§æ | Viewer's Choice,https://www.youtube.com/watch?v=h5H8NLKRxMM,h5H8NLKRxMM,http://img.youtube.com/vi/h5H8NLKRxMM/hqdefault.jpg,neck_brace,19.763049483299255,television,19.4375678896904,web_site,15.379153192043304,vestment,9.033065289258957,person,99.75541234016418,person,99.03650283813477,,,,,,,0.00081,0.00011,0.00019,0.00013,0.00018,0.00014,0,None
59,KAUN TUJHE Full Video | M.S. DHONI -THE UNTOLD STORY |Amaal Mallik Palak|Sushant Singh Disha Patani,https://www.youtube.com/watch?v=hjQNrzudA7o,hjQNrzudA7o,http://img.youtube.com/vi/hjQNrzudA7o/hqdefault.jpg,book_jacket,26.629653573036194,comic_book,20.10253667831421,web_site,15.857270359992981,electric_guitar,5.762642994523048,person,98.60989451408386,person,91.83349013328552,,,,,,,0.00082,0.00011,0.00019,0.00011,0.00018,0.00015,0,None
60,Rowdy Hero (Maari) - Kajal Aggarwal Blockbuster Romantic Hindi Dubbed Movie | Dhanush,https://www.youtube.com/watch?v=uWnjils8fH8,uWnjils8fH8,http://img.youtube.com/vi/uWnjils8fH8/hqdefault.jpg,academic_gown,13.860271871089935,cloak,13.794496655464172,window_shade,9.690901637077332,vestment,5.910783633589745,person,99.98537302017212,,,,,,,,,0.00075,0.00012,0.00019,0.00012,0.00019,0.00015,0,None
61,"Kaathuvaakula Rendu Kaadhal - Dippam Dappam Video | Vijay Sethupathi, Anirudh",https://www.youtube.com/watch?v=tFX2UvkQj44,tFX2UvkQj44,http://img.youtube.com/vi/tFX2UvkQj44/hqdefault.jpg,wig,28.637248277664185,stage,13.066400587558746,comic_book,12.030068039894104,electric_guitar,6.997603178024292,person,98.5544741153717,person,98.12958836555481,,,,,,,0.0015,0.0001,0.00025,0.00011,0.00021,0.00015,0,None
62,"Father's Day Special: Papa Main Bada Ho Gaya Hoon Ft. Mayur More, Badri Chavan & Rajendra Chawla",https://www.youtube.com/watch?v=0NJxtEmrlKo,0NJxtEmrlKo,http://img.youtube.com/vi/0NJxtEmrlKo/hqdefault.jpg,wig,21.695783734321594,mask,11.302867531776428,comic_book,11.012234538793564,breastplate,4.874394088983536,person,97.68723249435425,person,97.30311036109924,person,95.87768912315369,,,,,0.00668,0.00013,0.0006,0.00013,0.00045,0.00036,1,ho
63,mene tujhe dekha - Ali Zafar | Jhoom (R&B mix) | Lyrical Ali Zafar | R&B mix | Lyrical Video,https://www.youtube.com/watch?v=fYk7d49mH1g,fYk7d49mH1g,http://img.youtube.com/vi/fYk7d49mH1g/hqdefault.jpg,monitor,20.61934322118759,web_site,10.4848213493824,seashore,9.647493809461594,television,8.047517389059067,,,,,,,,,,,0.00077,0.00011,0.0002,0.0001,0.00018,0.00014,0,None
64,‡§∞‡§æ‡§Æ ‡§™‡•ã‡§•‡•Ä‡§®‡•á‡§®‡•Ä ‡§®‡•á ‡§ï‡•Ä‡§∞‡•ç‡§§‡§ø ‡§∏‡•Å‡§∞‡•á‡§∂ ‡§ï‡§æ ‡§Æ‡•Ç‡§° ‡§†‡•Ä‡§ï ‡§ï‡§∞‡§®‡•á ‡§ï‡•á ‡§≤‡§ø‡§è ‡§¶‡•á‡§ñ‡§ø‡§Ø‡•á ‡§ï‡•å‡§® ‡§∏‡§æ ‡§§‡§∞‡•Ä‡§ï‡§æ ‡§Ö‡§™‡§®‡§æ‡§Ø‡§æ,https://www.youtube.com/watch?v=NvnqCpehOHQ,NvnqCpehOHQ,http://img.youtube.com/vi/NvnqCpehOHQ/hqdefault.jpg,neck_brace,77.64596939086914,gasmask,6.3695646822452545,ski_mask,3.4823305904865265,bow_tie,2.904561534523964,person,78.26433181762695,person,99.72702264785767,chair,73.43695759773254,,,,,0.00131,0.00011,0.00019,0.00015,0.00021,0.00015,0,None
65,Try Not To Scream - August | Amazon Prime Video,https://www.youtube.com/watch?v=a0VSkmgTMfs,a0VSkmgTMfs,http://img.youtube.com/vi/a0VSkmgTMfs/hqdefault.jpg,web_site,25.550028681755066,proboscis_monkey,6.9426387548446655,book_jacket,6.9007351994514465,perfume,5.582494288682938,dog,87.4208390712738,,,,,,,,,0.02315,0.00013,0.00064,0.00049,0.00074,0.00037,0,None
66,"Maiyya Mainu - Lyrical | Jersey | Shahid Kapoor, Mrunal Thakur| Sachet-Parampara| Shellee | Gowtam T",https://www.youtube.com/watch?v=y7MW7d8fb1Y,y7MW7d8fb1Y,http://img.youtube.com/vi/y7MW7d8fb1Y/hqdefault.jpg,web_site,29.57463562488556,comic_book,14.735646545886993,wig,9.770144522190094,book_jacket,4.272061213850975,person,99.2776095867157,,,,,,,,,0.001,0.0001,0.00019,0.0001,0.00018,0.00014,0,None
67,KGF Chapter 3 Official Trailer | Yash | Prasanth Neel | Kgf 3 Trailer,https://www.youtube.com/watch?v=PM2Evzzhs8I,PM2Evzzhs8I,http://img.youtube.com/vi/PM2Evzzhs8I/hqdefault.jpg,gorilla,73.48280549049377,gasmask,2.247552201151848,patas,2.005012147128582,guenon,1.9802851602435112,person,98.96228909492493,,,,,,,,,0.0009,0.0001,0.00019,0.0001,0.00018,0.00014,0,None
68,‡§Æ‡•Å‡§ù‡•á ‡§≠‡•Ä ‡§¶‡•ã‡§®‡§æ ... ‡§Æ‡•à‡§Ç ‡§≠‡•Ä ‡§®‡§æ‡§ö‡§æ - ‡§®‡§æ‡§®‡§æ ‡§™‡§æ‡§ü‡•á‡§ï‡§∞-‡§°‡§ø‡§Æ‡•ç‡§™‡§≤ ‡§ï‡§™‡§æ‡§°‡§º‡§ø‡§Ø‡§æ ‡§ï‡•Ä ‡§°‡§¨‡§≤ ‡§ß‡§Æ‡§æ‡§≤ ‡§ï‡•â‡§Æ‡•á‡§°‡•Ä,https://www.youtube.com/watch?v=-CIzxutVkrs,-CIzxutVkrs,http://img.youtube.com/vi/-CIzxutVkrs/hqdefault.jpg,television,24.78964626789093,suit,6.6070109605789185,lab_coat,6.071457266807556,Windsor_tie,5.401868373155594,person,99.4211494922638,person,98.50675463676453,,,,,,,0.00109,0.0001,0.00019,0.00013,0.00019,0.00015,0,None
69,Coke Studio | Season 14 | Pasoori | Ali Sethi x Shae Gill,https://www.youtube.com/watch?v=kAnYJHIXPvA,kAnYJHIXPvA,http://img.youtube.com/vi/kAnYJHIXPvA/hqdefault.jpg,stage,45.81685960292816,oxygen_mask,10.913096368312836,comic_book,3.8166992366313934,electric_guitar,3.4869611263275146,person,91.1306083202362,,,,,,,,,0.00103,0.0001,0.0002,0.0001,0.0002,0.00013,0,None
70,Love is Love | Stand-up comedy by Swati Sachdeva,https://www.youtube.com/watch?v=Cl618XVFKmc,Cl618XVFKmc,http://img.youtube.com/vi/Cl618XVFKmc/hqdefault.jpg,microphone,32.12549388408661,stage,8.608036488294601,mask,6.878434866666794,pick,2.7321359142661095,person,99.8841941356659,,,,,,,,,0.00214,9e-05,0.00023,0.0001,0.00022,0.00016,0,None
71,"Taarak Mehta Ka Ooltah Chashmah | ‡§§‡§æ‡§∞‡§ï ‡§Æ‡•á‡§π‡§§‡§æ ‡§ï‡§æ ‡§â‡§≤‡•ç‡§ü‡§æ ‡§ö‡§∂‡•ç‡§Æ‡§æ | Episode 1327 | 28th September, 2021",https://www.youtube.com/watch?v=nai5bvLLLus,nai5bvLLLus,http://img.youtube.com/vi/nai5bvLLLus/hqdefault.jpg,television,14.4974946975708,scoreboard,9.376806765794754,web_site,7.009904831647873,slot,6.6432565450668335,person,99.59302544593811,,,,,,,,,0.00179,0.0001,0.00025,0.00012,0.00021,0.00016,0,None
72,80's70's90's_‡§∏‡§¶‡§æ‡§¨‡§π‡§æ‡§∞_‡§™‡•Å‡§∞‡§æ‡§®‡•á_‡§ó‡§æ‡§®‡•á_üíîüíñüíò‡§Ö‡§≤‡§ï‡§æ_‡§Ø‡§æ‡§ó‡•ç‡§®‡§ø‡§ï_‡§â‡§¶‡§ø‡§§_‡§®‡§æ‡§∞‡§æ‡§Ø‡§£_‡§≤‡§§‡§æ_‡§Æ‡§Ç‡§ó‡•á‡§∂‡§ï‡§∞_üíì‡§ï‡•Å‡§Æ‡§æ‡§∞_‡§∏‡§æ‡§®‡•Ç(360p).mp4,https://www.youtube.com/watch?v=l7hNyC3LG_M,l7hNyC3LG_M,http://img.youtube.com/vi/l7hNyC3LG_M/hqdefault.jpg,web_site,34.88211929798126,television,16.887962818145752,stage,10.472742468118668,comic_book,3.644571080803871,person,99.93910789489746,,,,,,,,,0.00128,0.0001,0.0002,0.00012,0.0002,0.00015,0,None
73,"CID | Daya & Purvi Solve ""The Necklace Mystery"" As Husband & Wife | Husband Files | 6 March 2022",https://www.youtube.com/watch?v=Fzv-EdPG5HE,Fzv-EdPG5HE,http://img.youtube.com/vi/Fzv-EdPG5HE/hqdefault.jpg,puck,16.090567409992218,analog_clock,10.8901746571064,digital_watch,8.37620124220848,magnetic_compass,6.424924731254578,person,99.08989667892456,person,99.24265146255493,,,,,,,0.0007,0.00011,0.00018,0.00011,0.00018,0.00014,0,None
74,"Full Song: KHAIRIYAT (BONUS TRACK) | CHHICHHORE | Sushant, Shraddha | Pritam, Amitabh B|Arijit Singh",https://www.youtube.com/watch?v=hoNb6HuNmU0,hoNb6HuNmU0,http://img.youtube.com/vi/hoNb6HuNmU0/hqdefault.jpg,comic_book,28.438806533813477,web_site,27.323472499847412,book_jacket,7.342463731765747,wig,5.124878510832787,person,99.48333501815796,person,93.06167960166931,,,,,,,0.00071,0.00011,0.00019,0.00011,0.00018,0.00014,0,None
75,‡§ï‡§æ‡§¶‡§∞ ‡§ñ‡§æ‡§® ‡§ú‡•â‡§®‡•Ä ‡§≤‡•Ä‡§µ‡§∞ ‡§Ö‡§∏‡§∞‡§æ‡§®‡•Ä ‡§∂‡§ï‡•ç‡§§‡§ø ‡§ï‡§™‡•Ç‡§∞ ‡§ï‡§∞‡§ø‡§∂‡•ç‡§Æ‡§æ ‡§ï‡§™‡•Ç‡§∞ ‡§≤‡§ï‡•ç‡§∑‡•ç‡§Æ‡•Ä‡§ï‡§æ‡§Ç‡§§ ‡§ï‡•â‡§Æ‡•á‡§°‡•Ä | Taqdeerwala & Anari movie,https://www.youtube.com/watch?v=2dx3SoepZwc,2dx3SoepZwc,http://img.youtube.com/vi/2dx3SoepZwc/hqdefault.jpg,potter's_wheel,73.50937128067017,neck_brace,8.752181380987167,caldron,6.901942193508148,gasmask,0.5411917343735695,person,99.43770170211792,person,99.34730529785156,bowl,89.74351286888123,,,,,0.00113,0.00011,0.00019,0.00015,0.0002,0.00015,0,None
76,Ma Ma Mahesha - Video Song | Sarkaru Vaari Paata | Mahesh Babu | Keerthy Suresh | Thaman S,https://www.youtube.com/watch?v=3kcadMVFolY,3kcadMVFolY,http://img.youtube.com/vi/3kcadMVFolY/hqdefault.jpg,stage,16.21188223361969,kimono,11.459097266197205,jigsaw_puzzle,6.44032284617424,theater_curtain,6.263197213411331,person,99.86726641654968,,,,,,,,,0.00201,0.0001,0.0003,0.00011,0.00022,0.00015,0,None
77,SPB in ‡Æö‡Æø‡Æ±‡Æ®‡Øç‡Æ§ 50 ‡Æ§‡ÆÆ‡Æø‡Æ¥‡Øç ‡Æ™‡Ææ‡Æü‡Æ≤‡Øç‡Æï‡Æ≥‡Øç | top 50 songs of SPB | 2 Hours Non Stop SPB Songs | Ilayaraja Hits,https://www.youtube.com/watch?v=Uvp57-AAe9Q,Uvp57-AAe9Q,http://img.youtube.com/vi/Uvp57-AAe9Q/hqdefault.jpg,web_site,28.67121398448944,comic_book,10.90865433216095,book_jacket,10.629434138536453,remote_control,6.191771477460861,person,82.33228325843811,person,94.36023235321045,,,,,,,0.00075,0.00011,0.00018,0.00012,0.00018,0.00013,0,None
78,‡§≤‡•ã‡§ü‡§™‡•ã‡§ü ‡§ï‡§∞ ‡§¶‡•á‡§®‡•á ‡§µ‡§æ‡§≤‡•Ä ‡§ï‡•â‡§Æ‡•á‡§°‡•Ä ‡§∏‡•Ä‡§®‡•ç‡§∏ | Movie Khatta Meetha | Rajpal Yadav - Johny Lever - Akshay Kumar,https://www.youtube.com/watch?v=7qWiLzxkJVU,7qWiLzxkJVU,http://img.youtube.com/vi/7qWiLzxkJVU/hqdefault.jpg,neck_brace,14.034202694892883,web_site,12.439823150634766,Windsor_tie,10.10238528251648,lab_coat,6.9054096937179565,person,99.76932406425476,person,99.77895021438599,person,99.67983365058899,,,,,0.00094,0.0001,0.00018,0.00012,0.00019,0.00014,0,None
79,Phir Bhi Tumko Chaahungi - Female | Half Girlfriend | Shraddha Kapoor | Mithoon | Manoj Muntashir,https://www.youtube.com/watch?v=uOLl4RcCNls,uOLl4RcCNls,http://img.youtube.com/vi/uOLl4RcCNls/hqdefault.jpg,electric_guitar,43.12860071659088,stage,9.971516579389572,sax,8.114566653966904,acoustic_guitar,7.951206713914871,person,99.89774823188782,person,98.10460805892944,person,54.16794419288635,,,,,0.00882,0.00011,0.00074,0.00013,0.00052,0.00026,0,None
80,FilterCopy | When You Turn 30 | Ft. Aahana Kumra,https://www.youtube.com/watch?v=RZl6pLG4aaQ,RZl6pLG4aaQ,http://img.youtube.com/vi/RZl6pLG4aaQ/hqdefault.jpg,wig,29.725399613380432,theater_curtain,12.588447332382202,hair_spray,7.522096484899521,web_site,6.442715227603912,tv,98.86689782142639,person,90.71568250656128,person,87.25325465202332,,,,,0.01434,9e-05,0.00052,0.00013,0.00069,0.00023,0,None
81,"Jug Jug Jeeve (Full Video) | Shiddat | Diana P, Mohit R | Sachet T Parampara T| Sachin - Jigar",https://www.youtube.com/watch?v=Irw8llgSC3s,Irw8llgSC3s,http://img.youtube.com/vi/Irw8llgSC3s/hqdefault.jpg,web_site,47.014740109443665,microphone,6.131360307335854,loupe,4.3229661881923676,mask,4.3185364454984665,person,96.26933336257935,person,97.7931022644043,,,,,,,0.00151,0.0001,0.00026,9e-05,0.00021,0.00016,0,None
82,Weekly Reliv - Taarak Mehta Ka Ooltah Chashmah -25th Oct 2021 To 30th Oct 2021- Episodes 3285 - 3290,https://www.youtube.com/watch?v=Wao3-rRxUUk,Wao3-rRxUUk,http://img.youtube.com/vi/Wao3-rRxUUk/hqdefault.jpg,web_site,21.818824112415314,television,15.237617492675781,pick,5.200925096869469,kimono,2.983999252319336,person,99.77719187736511,cake,51.016825437545776,,,,,,,0.00192,9e-05,0.00023,0.00011,0.00022,0.00015,0,None
83,Coke Studio | Season 14 | Pasoori | Ali Sethi x Shae Gill,https://www.youtube.com/watch?v=GADlWyHaMmI,GADlWyHaMmI,http://img.youtube.com/vi/GADlWyHaMmI/hqdefault.jpg,stage,45.78840136528015,oxygen_mask,12.231527268886566,electric_guitar,4.022761806845665,comic_book,3.1261414289474487,person,93.44392418861389,,,,,,,,,0.00103,0.0001,0.0002,0.0001,0.0002,0.00013,0,None
84,Put Headphone And Get Lost In Your World | Indian LOFI Songs To Relax| Hindi Lofi To Chillout,https://www.youtube.com/watch?v=O7D-fgjCjs0,O7D-fgjCjs0,http://img.youtube.com/vi/O7D-fgjCjs0/hqdefault.jpg,killer_whale,19.254592061042786,snowmobile,14.036484062671661,ski_mask,5.140145495533943,fountain,4.378686100244522,umbrella,57.23243951797485,person,92.66430139541626,,,,,,,0.16031,0.00022,0.00204,0.00083,0.00488,0.00151,0,None
85,VIP 2 Latest Telugu Movie 4K | Dhanush | Back To Back Comedy Scenes | Kajol | Amala Paul | Anirudh,https://www.youtube.com/watch?v=WMqUBFphfC8,WMqUBFphfC8,http://img.youtube.com/vi/WMqUBFphfC8/hqdefault.jpg,comic_book,17.14044213294983,mask,7.505950331687927,plunger,4.0860433131456375,ski_mask,3.1341854482889175,person,99.7895359992981,bowl,52.23788619041443,,,,,,,0.0008,0.00011,0.00019,0.00012,0.00018,0.00013,0,None
86,The last Ride | 295 | Sidhu Moose Wala | MooseTape | #SidhuMooseWala #Legend,https://www.youtube.com/watch?v=DuCej3XAEIk,DuCej3XAEIk,http://img.youtube.com/vi/DuCej3XAEIk/hqdefault.jpg,neck_brace,92.57493019104004,ski_mask,6.125388666987419,mask,0.5817351397126913,bow_tie,0.2801623195409775,person,99.45057034492493,,,,,,,,,0.00117,0.0001,0.00019,0.0001,0.00019,0.00014,0,None
87,"Businessman (Pandaga Chesko) (HD) - Full Movie | Ram Pothineni, Rakul Preet Singh, Sonal Chauhan",https://www.youtube.com/watch?v=1a23TLgqdmw,1a23TLgqdmw,http://img.youtube.com/vi/1a23TLgqdmw/hqdefault.jpg,sunglass,25.546684861183167,mask,14.811989665031433,sunglasses,12.868928909301758,comic_book,12.617456912994385,person,95.9626317024231,person,74.180006980896,,,,,,,0.00075,0.00011,0.00019,0.00012,0.00019,0.00014,0,None
88,"Jaan Ban Gaye - Lyrical | Khuda Haafiz | Vidyut J | Shivaleeka O | Mithoon Ft. Vishal M, Asees Kaur",https://www.youtube.com/watch?v=_wHJNT0-OEQ,_wHJNT0-OEQ,http://img.youtube.com/vi/_wHJNT0-OEQ/hqdefault.jpg,neck_brace,31.585460901260376,web_site,25.14718472957611,hair_spray,8.036641031503677,television,4.098053649067879,person,83.47621560096741,person,99.59702491760254,,,,,,,0.00131,0.0001,0.00022,0.0001,0.0002,0.00016,0,None
89,"COUPLE ARGUMENTS, HOOKS & POCKETS | Vipul Goyal | Stand up Comedy",https://www.youtube.com/watch?v=M-wtVn7JiR0,M-wtVn7JiR0,http://img.youtube.com/vi/M-wtVn7JiR0/hqdefault.jpg,web_site,21.059608459472656,pick,5.103721097111702,television,4.730456322431564,theater_curtain,4.347077012062073,person,99.83226656913757,,,,,,,,,0.00088,0.0001,0.00017,0.00011,0.00019,0.00014,0,None
90,"Taarak Mehta Ka Ooltah Chashmah | ‡§§‡§æ‡§∞‡§ï ‡§Æ‡•á‡§π‡§§‡§æ ‡§ï‡§æ ‡§â‡§≤‡•ç‡§ü‡§æ ‡§ö‡§∂‡•ç‡§Æ‡§æ | Episode 1062 | 15th October, 2021",https://www.youtube.com/watch?v=_Ey3kJXtPoo,_Ey3kJXtPoo,http://img.youtube.com/vi/_Ey3kJXtPoo/hqdefault.jpg,comic_book,13.064882159233093,barbershop,6.418398767709732,Band_Aid,5.544785410165787,beer_glass,4.1994452476501465,person,99.9849796295166,,,,,,,,,0.00179,0.0001,0.00024,0.00012,0.00021,0.00015,0,None
91,Full Video:Hum Nashe Mein Toh Nahin |Bhool Bhulaiyaa 2| Kartik Kiara | Pritam Amitabh B Arijit Tulsi,https://www.youtube.com/watch?v=CYmGrNSPCiQ,CYmGrNSPCiQ,http://img.youtube.com/vi/CYmGrNSPCiQ/hqdefault.jpg,web_site,87.88943290710449,book_jacket,6.147968769073486,comic_book,1.6593508422374725,gown,0.46617467887699604,person,66.03278517723083,person,94.36339735984802,tv,94.90641951560974,,,,,0.00149,0.0001,0.00024,0.0001,0.0002,0.00015,0,None
92,AKHAND BHOOTIYAPPA | Angry Prash,https://www.youtube.com/watch?v=Fe02uTSrt2E,Fe02uTSrt2E,http://img.youtube.com/vi/Fe02uTSrt2E/hqdefault.jpg,soccer_ball,27.962321043014526,solar_dish,13.069218397140503,toilet_tissue,12.571325898170471,bib,10.11253446340561,,,,,,,,,,,0.04035,0.00016,0.00204,0.00019,0.00134,0.00043,1,angry
93,Mudhal Nee Mudivum Nee - Title Track Video | Darbuka Siva | Sid Sriram | Thamarai,https://www.youtube.com/watch?v=ATElufr0OiE,ATElufr0OiE,http://img.youtube.com/vi/ATElufr0OiE/hqdefault.jpg,web_site,55.01656532287598,potter's_wheel,13.965888321399689,barbershop,4.9262262880802155,neck_brace,1.9498351961374283,person,88.25395703315735,person,58.774811029434204,,,,,,,0.00174,0.0001,0.00029,0.0001,0.00021,0.00015,0,None
94,Best Songs Of Kishore Kumar | Evergreen 90s Songs | Kishore Kumar Hit Songs | Old Songs | Best Songs,https://www.youtube.com/watch?v=ZtrXtlnC7B0,ZtrXtlnC7B0,http://img.youtube.com/vi/ZtrXtlnC7B0/hqdefault.jpg,web_site,47.4520742893219,suit,5.095619708299637,comic_book,4.970165714621544,Windsor_tie,4.648077487945557,person,99.85635280609131,tie,94.97278332710266,,,,,,,0.00074,0.00011,0.00018,0.00012,0.00018,0.00014,0,None
95,Allu Arjun (HD) New Released Full Hindi Dubbed Film | Telugu Hindi Dubbed |Main Hoon Lucky The Racer,https://www.youtube.com/watch?v=4h1ds7gj-KU,4h1ds7gj-KU,http://img.youtube.com/vi/4h1ds7gj-KU/hqdefault.jpg,microphone,19.536642730236053,television,9.82777327299118,comic_book,6.754110753536224,stage,6.431806832551956,person,99.4181215763092,person,99.65400695800781,,,,,,,0.00076,0.00011,0.00018,0.00012,0.00018,0.00014,0,None
96,"HIT - The First Case || GLIMPSE OF VIKRAM - Rajkummar Rao, Sanya M || Dr. Sailesh K || Bhushan Kumar",https://www.youtube.com/watch?v=NJGQ2sCGDKM,NJGQ2sCGDKM,http://img.youtube.com/vi/NJGQ2sCGDKM/hqdefault.jpg,gasmask,47.46518135070801,web_site,28.64159345626831,snorkel,3.0201030895113945,television,2.8006233274936676,person,99.65354204177856,,,,,,,,,0.00075,0.00011,0.00018,0.00011,0.00018,0.00013,0,None
97,Ma Ma Mahesha - Lyrical Video | Sarkaru Vaari Paata | Mahesh Babu | Keerthy Suresh | Thaman S,https://www.youtube.com/watch?v=-PTf2z3Zf6s,-PTf2z3Zf6s,http://img.youtube.com/vi/-PTf2z3Zf6s/hqdefault.jpg,comic_book,33.30536186695099,breastplate,19.29580420255661,book_jacket,5.1575057208538055,maillot,2.85012386739254,person,99.75984692573547,person,99.23330545425415,person,62.1656596660614,person,65.58642983436584,person,58.372604846954346,0.00185,0.0001,0.00027,0.00011,0.00021,0.00015,0,None
98,"Taarak Mehta Ka Ooltah Chashmah - Full Episode 616 - 26th March, 2020",https://www.youtube.com/watch?v=EtEc94qiixA,EtEc94qiixA,http://img.youtube.com/vi/EtEc94qiixA/hqdefault.jpg,comic_book,17.879807949066162,mask,17.77799427509308,web_site,14.439685642719269,jersey,6.326153874397278,person,98.69470596313477,,,,,,,,,0.00114,0.0001,0.00019,0.00011,0.00019,0.00015,0,None
99,‡§π‡§Æ ‡§¶‡•Å‡§ñ‡•Ä ‡§•‡•á ‡§≤‡•á‡§ï‡§ø‡§® ‡§π‡§Æ‡§∏‡•á ‡§ú‡•ç‡§Ø‡§æ‡§¶‡§æ ‡§¶‡•Å‡§ñ‡•Ä ‡§¶‡•ã ‡§î‡§∞ ‡§≤‡•ã‡§ó ‡§•‡•á - 3 Idiots Comedy Scene - Aamir Khan,https://www.youtube.com/watch?v=TpQklluO2Y0,TpQklluO2Y0,http://img.youtube.com/vi/TpQklluO2Y0/hqdefault.jpg,Windsor_tie,29.014334082603455,bow_tie,8.560559898614883,suit,6.783778965473175,mask,6.238693371415138,person,96.57344818115234,person,98.91469478607178,person,99.8094379901886,tie,99.25488233566284,tie,94.71172094345093,0.00682,8e-05,0.00037,0.00014,0.00048,0.00019,0,None
100,"Dil Ibadat Kar Raha Hai Full Song (LYRICS) - K.K | Tum Mile | Pritam, Sayeed Quadri | Emraan Hashmi",https://www.youtube.com/watch?v=-2kl2re74Dk,-2kl2re74Dk,http://img.youtube.com/vi/-2kl2re74Dk/hqdefault.jpg,harmonica,29.78326380252838,microphone,23.6935555934906,stage,16.80738478899002,cellular_telephone,4.643963649868965,person,99.59591627120972,,,,,,,,,0.00106,0.00011,0.00021,0.0001,0.00019,0.00015,0,None
101,Coke Studio | Season 14 | Pasoori | Ali Sethi x Shae Gill,https://www.youtube.com/watch?v=15afJNJxwyc,15afJNJxwyc,http://img.youtube.com/vi/15afJNJxwyc/hqdefault.jpg,stage,45.78840136528015,oxygen_mask,12.231527268886566,electric_guitar,4.022761806845665,comic_book,3.1261414289474487,person,93.44392418861389,,,,,,,,,0.00103,0.0001,0.0002,0.0001,0.0002,0.00013,0,None
102,Best of Arijit Singh Songs | Top Arijit Singh heart touching songs | Enthusiastic Edit'z,https://www.youtube.com/watch?v=leFEflp6hSo,leFEflp6hSo,http://img.youtube.com/vi/leFEflp6hSo/hqdefault.jpg,web_site,25.686559081077576,book_jacket,10.84154099225998,comic_book,8.355540037155151,microphone,7.969548553228378,person,92.66554117202759,,,,,,,,,0.00069,0.00012,0.00018,0.00013,0.00018,0.00014,0,None
103,Kaathuvaakula Rendu Kaadhal - Rendu Kaadhal Video | Vijay Sethupathi | Anirudh,https://www.youtube.com/watch?v=xdP2otxxohQ,xdP2otxxohQ,http://img.youtube.com/vi/xdP2otxxohQ/hqdefault.jpg,web_site,40.19049406051636,comic_book,9.667101502418518,neck_brace,4.502317309379578,television,4.113351926207542,person,92.64060854911804,person,99.47640299797058,person,97.31287360191345,person,99.6951162815094,person,92.65218377113342,0.00146,0.0001,0.00025,0.00011,0.0002,0.00015,0,None
104,Best of Comedy Scenes | Movie Mere Baap Phele Aap | Paresh Rawal - Rajpal Yadav - Akshay Khanna,https://www.youtube.com/watch?v=4g4vr2Zi4Ec,4g4vr2Zi4Ec,http://img.youtube.com/vi/4g4vr2Zi4Ec/hqdefault.jpg,lab_coat,91.75952672958374,Windsor_tie,1.8332337960600853,hair_spray,0.9682525880634785,web_site,0.49356776289641857,person,99.8811423778534,person,99.95193481445312,bottle,87.28037476539612,bottle,85.76822280883789,person,98.11797142028809,0.00172,9e-05,0.00023,0.0001,0.00022,0.00016,0,None
105,OM | Trailer | Aditya Roy Kapur | Sanjana Sanghi | Jackie Shroff | Kapil Verma | Ahmed K | 1st July,https://www.youtube.com/watch?v=fYRiuY5_KXQ,fYRiuY5_KXQ,http://img.youtube.com/vi/fYRiuY5_KXQ/hqdefault.jpg,television,36.68681979179382,comic_book,19.467246532440186,jigsaw_puzzle,13.136331737041473,book_jacket,6.428278982639313,person,83.2769513130188,person,96.8997061252594,person,92.85625219345093,person,91.20731353759766,person,70.56469917297363,0.00089,0.0001,0.00019,0.0001,0.00018,0.00014,0,None
106,"24 Hit songs Of Ayushmann Khurrana - Nazm Nazm, Naina Da Kya Kasoor, Dil Ka Telephone.....",https://www.youtube.com/watch?v=hN4f9POjgEk,hN4f9POjgEk,http://img.youtube.com/vi/hN4f9POjgEk/hqdefault.jpg,web_site,78.68499159812927,book_jacket,7.521127164363861,comic_book,2.995486371219158,television,1.6675285995006561,person,99.87576007843018,,,,,,,,,0.00135,0.0001,0.0002,0.0001,0.0002,0.00015,0,None
107,Episode 202 - Taarak Mehta Ka Ooltah Chashmah | Rakshabandhan | Full Episode | ‡§§‡§æ‡§∞‡§ï ‡§Æ‡•á‡§π‡§§‡§æ,https://www.youtube.com/watch?v=EtQDesx98fI,EtQDesx98fI,http://img.youtube.com/vi/EtQDesx98fI/hqdefault.jpg,bow_tie,20.051003992557526,suit,10.415466874837875,sax,9.900157898664474,Windsor_tie,7.010665535926819,person,98.95060062408447,person,99.42952394485474,vase,61.37530207633972,vase,60.42202115058899,,,0.00098,0.0001,0.00019,0.00012,0.00019,0.00014,0,None
108,BRAHMƒÄSTRA OFFICIAL TRAILER | Hindi | Amitabh | Ranbir | Alia | Ayan | In Cinemas 9th September,https://www.youtube.com/watch?v=AgS_6UbQ8JM,AgS_6UbQ8JM,http://img.youtube.com/vi/AgS_6UbQ8JM/hqdefault.jpg,television,32.68180787563324,theater_curtain,8.48798081278801,book_jacket,6.369869410991669,comic_book,6.048479303717613,person,93.38263869285583,,,,,,,,,0.00074,0.00011,0.00018,0.00012,0.00018,0.00014,0,None
109,Darshana - Official Video Song | Hridayam | Pranav | Darshana | Vineeth | Hesham | Merryland,https://www.youtube.com/watch?v=epAFDEJImrU,epAFDEJImrU,http://img.youtube.com/vi/epAFDEJImrU/hqdefault.jpg,web_site,88.7786328792572,monitor,1.0293071158230305,stage,0.9062213823199272,balance_beam,0.8306106552481651,person,99.38749670982361,person,98.84762763977051,,,,,,,0.00076,0.00011,0.00017,0.00012,0.00018,0.00014,0,None
110,‡§™‡§¶‡•ç‡§Æ‡§ø‡§®‡•Ä ‡§ï‡•ã‡§≤‡•ç‡§π‡§æ‡§™‡•Å‡§∞‡•Ä ‡§î‡§∞ ‡§Æ‡§ø‡§•‡•Å‡§® ‡§ö‡§ï‡•ç‡§∞‡§µ‡§∞‡•ç‡§§‡•Ä Songs 90's Hit SOngs Evergreen ‡§π‡§ø‡§Ç‡§¶‡•Ä ‡§ó‡•Ä‡§§ ‡§™‡•Å‡§∞‡§æ‡§®‡•á ‡§¶‡§∞‡•ç‡§¶_‡§≠‡§∞‡•á ‡§ó‡§æ‡§®‡•á,https://www.youtube.com/watch?v=gGDjnosqbp4,gGDjnosqbp4,http://img.youtube.com/vi/gGDjnosqbp4/hqdefault.jpg,television,57.504481077194214,web_site,34.06049907207489,screen,2.4841779842972755,monitor,0.8142895065248013,person,97.572261095047,person,95.77613472938538,,,,,,,0.00121,0.0001,0.00019,0.00014,0.00021,0.00015,0,None
111,Namo Namo - Lyrical | Kedarnath | Sushant Rajput | Sara Ali Khan | Amit Trivedi | Amitabh B,https://www.youtube.com/watch?v=dx4Teh-nv3A,dx4Teh-nv3A,http://img.youtube.com/vi/dx4Teh-nv3A/hqdefault.jpg,gasmask,19.134442508220673,web_site,14.621175825595856,comic_book,12.826046347618103,book_jacket,10.979866981506348,person,98.58382940292358,person,79.97686862945557,person,99.564528465271,,,,,0.00086,0.00011,0.00018,0.00011,0.00019,0.00014,0,None
112,Jetha ‡§π‡§Æ‡•á‡§∂‡§æ ‡§ï‡•á ‡§≤‡§ø‡§è ‡§ú‡§æ ‡§∞‡§π‡§æ ‡§π‡•à ‡§Ö‡§™‡§®‡•á ‡§ó‡§æ‡§Å‡§µ ‡§µ‡§æ‡§™‡§∏ |Taarak Mehta Ka Ooltah Chashmah | Ep 3108| Full Episode,https://www.youtube.com/watch?v=5oatTVRO0RI,5oatTVRO0RI,http://img.youtube.com/vi/5oatTVRO0RI/hqdefault.jpg,web_site,16.900484263896942,comic_book,15.168406069278717,Band_Aid,10.86239293217659,microphone,4.0975965559482574,person,99.63096380233765,person,96.30001783370972,clock,69.20934915542603,,,,,0.00133,0.0001,0.00022,0.00013,0.0002,0.00015,0,None
113,Best Relaxing Lofi Songs That Really Makes You Relax And Also To Chill \Study\Refreshing\ Hindi Lofi,https://www.youtube.com/watch?v=j_Pw9EFeIME,j_Pw9EFeIME,http://img.youtube.com/vi/j_Pw9EFeIME/hqdefault.jpg,bookcase,43.25979948043823,library,42.856597900390625,bookshop,7.875610142946243,balance_beam,1.1606504209339619,person,99.78075623512268,cup,61.43229603767395,,,,,,,0.00094,0.0001,0.00017,0.00012,0.00017,0.00015,0,None
114,2022 New Blockbuster Hindi Dubbed Action Movie | New South Indian Movies Dubbed In Hindi 2022 Full,https://www.youtube.com/watch?v=jMl3hphx8GI,jMl3hphx8GI,http://img.youtube.com/vi/jMl3hphx8GI/hqdefault.jpg,television,25.290769338607788,lab_coat,14.754606783390045,web_site,10.524728894233704,neck_brace,6.68981596827507,person,99.90217685699463,,,,,,,,,0.0007,0.00012,0.00018,0.00013,0.00018,0.00014,0,None
115,Raataan Lambiyan - Lyric Video|Shershaah|Sidharth ‚Äì Kiara|Tanishk B.|Jubin|Asees,https://www.youtube.com/watch?v=orYf6VDtj_k,orYf6VDtj_k,http://img.youtube.com/vi/orYf6VDtj_k/hqdefault.jpg,web_site,41.867491602897644,jersey,13.781057298183441,sweatshirt,2.5056324899196625,Windsor_tie,2.4482933804392815,person,99.94148015975952,person,97.9249119758606,,,,,,,0.00072,0.00012,0.00019,0.00011,0.00018,0.00014,0,None
116,Mehabooba Video Song (Tamil) | KGF Chapter 2 | RockingStar Yash | Prashanth Neel | Ravi Basrur,https://www.youtube.com/watch?v=A5P6EdPdwjc,A5P6EdPdwjc,http://img.youtube.com/vi/A5P6EdPdwjc/hqdefault.jpg,book_jacket,22.394287586212158,fur_coat,16.624000668525696,vestment,8.421119302511215,theater_curtain,7.440494000911713,person,99.20807480812073,person,99.0485429763794,,,,,,,0.00075,0.00011,0.00019,0.00011,0.00018,0.00014,0,None
117,Ranveer Singh Best Performance - Part 2 | Bajirao Mastani | Deepika Padukone & Priyanka Chopra,https://www.youtube.com/watch?v=-8Vzabonxe8,-8Vzabonxe8,http://img.youtube.com/vi/-8Vzabonxe8/hqdefault.jpg,bow,95.78787684440613,bow_tie,1.5006030909717083,microphone,0.6740244571119547,stage,0.3487943671643734,person,99.9868392944336,person,99.50364232063293,person,62.37074136734009,person,91.203773021698,person,97.63285517692566,0.00078,0.00011,0.00019,0.00012,0.00019,0.00014,0,None
